{
  "Rules": [
    {
      "Reason": "Amazon: AWS Access Key ID Value",
      "Rule": "(AKIA|ASIA)(J|I)[A-Z2-7]{14}(A|Q)",
      "Noise": 3
    },
    {
      "Reason": "Amazon: AWS Account ID",
      "Rule": "((\"|'|`)?(aws)?_?(account)_?(id)?(\"|'|`)?\\s{0,50}(:|=>|=)\\s{0,50}(\"|'|`)?[0-9]{4}-?[0-9]{4}-?[0-9]{4}(\"|'|`)?)",
      "Noise": 3
    },
    {
      "Reason": "Amazon: AWS Secret Access Key",
      "Rule": "((\"|'|`)?(aws)?_?(secret)_?(access)?_?(key)?_?(id)?(\"|'|`)?\\s{0,50}(:|=>|=)\\s{0,50}(\"|'|`)?[A-Za-z0-9/+=]{40}(\"|'|`)?)",
      "Noise": 3
    },
    {
      "Reason": "Amazon: AWS Session Token",
      "Rule": "((\"|'|`)?(aws)?_?(session)?_?(token)?(\"|'|`)?\\s{0,50}(:|=>|=)\\s{0,50}(\"|'|`)?[A-Za-z0-9/+=]{16,}(\"|'|`)?)",
      "Noise": 6
    },
    {
      "Reason": "Amazon: AWS S3 Buckets",
      "Rule": "[a-z0-9.-]+\\.s3\\.amazonaws\\.com|[a-z0-9.-]+\\.s3-[a-z0-9-]+\\.amazonaws\\.com|[a-z0-9.-]+\\.s3-website[.-](eu|ap|us|ca|sa|cn)|//s3\\.amazonaws\\.com/[a-z0-9._-]+|//s3-[a-z0-9-]+\\.amazonaws\\.com/[a-z0-9._-]+",
      "Noise": 4
    },
    {
      "Reason": "Amazon: MWS Auth Token",
      "Rule": "amzn\\.mws\\.[0-9a-f]{8}-[0-9a-f]{4}-[0-9a-f]{4}-[0-9a-f]{4}-[0-9a-f]{12}",
      "Noise": 3
    },
    {
      "Reason": "Artifactory",
      "Rule": "artifactory.{0,50}(\"|'|`)?[a-zA-Z0-9=]{112}(\"|'|`)?",
      "Noise": 3
    },
    {
      "Reason": "Azure: Blob key reference",
      "Rule": "fs\\.azure\\.account\\.key(?!\\.\"\\+storage_account_name\\+\")",
      "Noise": 3
    },
    {
      "Reason": "Azure: Blob reference",
      "Rule": "\\.core\\.windows\\.net",
      "Noise": 5
    },
    {
      "Reason": "CC",
      "Rule": "codeclima.{0,50}(\"|'|`)?[0-9a-f]{64}(\"|'|`)?",
      "Noise": 3
    },
    {
      "Reason": "Facebook: Access Token",
      "Rule": "EAACEdEose0cBA[0-9A-Za-z]+",
      "Noise": 3
    },
    {
      "Reason": "Facebook: OAuth",
      "Rule": "facebook.*['|\"][0-9a-f]{32}['|\"]",
      "Noise": 3
    },
    {
      "Reason": "Generic: Base64",
      "Rule": "([^A-Za-z0-9+/]|^)(eyJ|YTo|Tzo|PD[89]|aHR0cHM6L|aHR0cDo|rO0)[%a-zA-Z0-9+/]+={0,2}",
      "Noise": 5
    },
    {
      "Reason": "Generic: API Key",
      "Rule": "API[_]?KEY.*['|\"][0-9a-zA-Z]{32,45}['|\"]",
      "Noise": 5
    },
    {
      "Reason": "Generic: Common Secret Names",
      "Rule": "aws_access|aws_secret|api[_-]?key|listbucketresult|s3_access_key|authorization:|ssh-rsa AA|pass(word)?|secret|token",
      "Noise": 6
    },
    {
      "Reason": "Generic: Certificate header",
      "Rule": "-----BEGIN .{3,100}-----",
      "Noise": 4
    },
    {
      "Reason": "Generic: IP Address",
      "Rule": "(([0-9]|[1-9][0-9]|1[0-9]{2}|2[0-4][0-9]|25[0-5])\\.){3}([0-9]|[1-9][0-9]|1[0-9]{2}|2[0-4][0-9]|25[0-5])",
      "Noise": 6
    },
    {
      "Reason": "Generic: Password in URL",
      "Rule": "[a-zA-Z0-9]{2,10}://[^/\\s:@]{3,20}:[^/\\s:@]{3,20}@.{1,100}[\"'\\s]",
      "Noise": 4
    },
    {
      "Reason": "Generic: Secret",
      "Rule": "secret.*['|\"][0-9a-zA-Z]{32,45}['|\"]",
      "Noise": 4
    },
    {
      "Reason": "Generic: Suspicious Comments",
      "Rule": "\\b(hack|hax|fix|oo+ps|fuck|ugly|todo|shit)\\b",
      "Noise": 5
    },
    {
      "Reason": "Github",
      "Rule": "github.*['|\"][0-9a-zA-Z]{35,40}['|\"]",
      "Noise": 3
    },
    {
      "Reason": "Google: API Key",
      "Rule": "AIza[0-9A-Za-z\\-_]{35}",
      "Noise": 3
    },
    {
      "Reason": "Google: GCP: Service-account",
      "Rule": "((\"|'|`)?type(\"|'|`)?\\s{0,50}(:|=>|=)\\s{0,50}(\"|'|`)?service_account(\"|'|`)?,?)",
      "Noise": 3
    },
    {
      "Reason": "Google: OAuth: Access Token",
      "Rule": "ya29\\.[0-9A-Za-z\\-_]+",
      "Noise": 3
    },
    {
      "Reason": "Google: OAuth: Client Secret",
      "Rule": "((\"|'|`)?client_secret(\"|'|`)?\\s{0,50}(:|=>|=)\\s{0,50}(\"|'|`)?[a-zA-Z0-9-_]{24}(\"|'|`)?)",
      "Noise": 3
    },
    {
      "Reason": "Google: OAuth: URL",
      "Rule": "[0-9]+-[0-9A-Za-z_]{32}\\.apps\\.googleusercontent\\.com",
      "Noise": 3
    },
    {
      "Reason": "Heroku: API Key",
      "Rule": "heroku.{0,50}[0-9A-F]{8}-[0-9A-F]{4}-[0-9A-F]{4}-[0-9A-F]{4}-[0-9A-F]{12}",
      "Noise": 3
    },
    {
      "Reason": "Hockeyapp",
      "Rule": "hockey.{0,50}(\"|'|`)?[0-9a-f]{32}(\"|'|`)?",
      "Noise": 3
    },
    {
      "Reason": "Key: PGP private key block",
      "Rule": "-----BEGIN PGP PRIVATE KEY BLOCK-----",
      "Noise": 3
    },
    {
      "Reason": "Key: RSA private",
      "Rule": "-----BEGIN RSA PRIVATE KEY-----",
      "Noise": 3
    },
    {
      "Reason": "Key: SSH (DSA) private key",
      "Rule": "-----BEGIN DSA PRIVATE KEY-----",
      "Noise": 3
    },
    {
      "Reason": "Key: SSH (EC) private key",
      "Rule": "-----BEGIN EC PRIVATE KEY-----",
      "Noise": 3
    },
    {
      "Reason": "MailChimp: API Key",
      "Rule": "[0-9a-f]{32}-us[0-9]{1,2}",
      "Noise": 3
    },
    {
      "Reason": "Mailgun: API Key",
      "Rule": "key-[0-9a-zA-Z]{32}",
      "Noise": 3
    },
    {
      "Reason": "Outlook: Team",
      "Rule": "https\\://outlook\\.office.com/webhook/[0-9a-f-]{36}\\@",
      "Noise": 3
    },
    {
      "Reason": "PayPal: Braintree: Access Token",
      "Rule": "access_token\\$production\\$[0-9a-z]{16}\\$[0-9a-f]{32}",
      "Noise": 3
    },
    {
      "Reason": "Picatic: API Key",
      "Rule": "sk_live_[0-9a-z]{32}",
      "Noise": 3
    },
    {
      "Reason": "Sauce",
      "Rule": "sauce.{0,50}(\"|'|`)?[0-9a-f-]{36}(\"|'|`)?",
      "Noise": 3
    },
    {
      "Reason": "Slack: Token",
      "Rule": "(xox[pboa]-[0-9]{12}-[0-9]{12}-[0-9]{12}-[a-z0-9]{32})",
      "Noise": 3
    },
    {
      "Reason": "Slack: Webhook",
      "Rule": "https://hooks.slack.com/services/T[a-zA-Z0-9_]{8}/B[a-zA-Z0-9_]{8}/[a-zA-Z0-9_]{24}",
      "Noise": 3
    },
    {
      "Reason": "Sonar",
      "Rule": "sonar.{0,50}(\"|'|`)?[0-9a-f]{40}(\"|'|`)?",
      "Noise": 3
    },
    {
      "Reason": "Square: Access Token",
      "Rule": "sq0atp-[0-9A-Za-z\\-_]{22}",
      "Noise": 3
    },
    {
      "Reason": "Square: OAuth Secret",
      "Rule": "sq0csp-[0-9A-Za-z\\-_]{43}",
      "Noise": 3
    },
    {
      "Reason": "Stripe: API Key",
      "Rule": "sk_live_[0-9a-zA-Z]{24}",
      "Noise": 3
    },
    {
      "Reason": "Stripe: Restricted API Key",
      "Rule": "rk_live_[0-9a-zA-Z]{24}",
      "Noise": 3
    },
    {
      "Reason": "Surge",
      "Rule": "surge.{0,50}(\"|'|`)?[0-9a-f]{32}(\"|'|`)?",
      "Noise": 3
    },
    {
      "Reason": "Twilio: API Key",
      "Rule": "SK[0-9a-fA-F]{32}",
      "Noise": 3
    },
    {
      "Reason": "Twitter: Access Token",
      "Rule": "twitter.*[1-9][0-9]+-[0-9a-zA-Z]{40}",
      "Noise": 3
    },
    {
      "Reason": "Twitter: Oauth",
      "Rule": "twitter[^/]{0,50}[0-9a-zA-Z]{35,44}",
      "Noise": 3
    }
  ],
  "FileBlacklist": [
    "\\.min\\.js$",
    "\\.(less|s?css|html|lock|pbxproj)$",
    "package-lock\\.json$",
    "bower\\.json$",
    "\\.pdf$",
    "^log[s]{0,1}/",
    "^s3log[s]{0,1}/",
    "\\.log$"
  ],
  "SecretsWhiteList": ["akiadeadbeefdeadbeef", "AKIADEADBEEFDEADBEEF"]
}
